Cycle,meanVh,meanVs,netOutflow
1,0.9297741216174756,0.91356814968304,0.021251777611298484
2,0.9075641498803855,0.8779711341278039,0.023459103509057166
3,0.8878758029365559,0.8463230009083031,0.015649892402237853
4,0.8762252025259609,0.81778308165676,0.026190431815343418
5,0.8650663637912994,0.7982893904528321,0.02585749090839634
6,0.8539407744086697,0.7856634206129747,0.030278458172469436
7,0.8548894173491579,0.7793847239373369,0.020918096182949375
8,0.8440892765093553,0.7658208410220907,0.018678936078287356
9,0.8312160075626391,0.7486030257569984,0.021560071412819792
10,0.8220100314438262,0.7361195233614866,0.021588842861054613
11,0.8138663716351687,0.7298060233413596,0.00901946372763246
12,0.8064891336474647,0.7253509967352564,0.016479728060644017
13,0.8062559481916943,0.7250237889620607,0.022167137483849464
14,0.7943455995924794,0.7065296694914512,0.01908140355845961
15,0.7820688811612577,0.691264248311768,0.02168845353451304
16,0.7714048911333881,0.6829036597492637,0.017422882573387533
17,0.7609696173456674,0.6734468909295024,0.022365764418364353
18,0.7453995038660809,0.6572902513280506,0.02364041414397694
19,0.7420312751241759,0.6556167105035084,0.020162556938948695
20,0.7356581189959452,0.6516991258965565,0.02133792153239067
21,0.7280422971707444,0.641490330357556,0.023619480120162684
22,0.7241590082735344,0.6354433751517194,0.01691354818512636
23,0.7210708592328096,0.6311936916522785,0.018418643239301202
24,0.7142713295941567,0.6233987619492579,0.014600506348748044
25,0.7111178645149515,0.6198438880583769,0.02096385678427226
26,0.7037377420522839,0.6131873654068111,0.02705494029221972
27,0.6996362234554752,0.6096676663625864,0.026136297303898437
28,0.6973640460396945,0.6061003911735531,0.02027643497990128
29,0.6908272323465892,0.5994698048906668,0.02210017180950208
30,0.6789408003196884,0.5853607545214028,0.02157134304846986
31,0.6806171406784741,0.5868852145732423,0.022243510892380025
32,0.6761441168290329,0.5836852612941147,0.01915419022760967
33,0.6796374223337793,0.5875393706399253,0.019650452040341215
34,0.6739952841204278,0.5822124179574155,0.02043784683090677
35,0.6673007846785395,0.5755919657537802,0.03086488809015986
36,0.6610140110248646,0.5708581628931686,0.022208131439536816
37,0.6477893883531792,0.5551396089842209,0.021337676372214287
38,0.6451826474830755,0.5518471591703796,0.017901840370680044
39,0.6433213873896274,0.5501737396853563,0.013588262589718791
40,0.6432705098026763,0.5501095752699299,0.022231277222077295
41,0.6367456507505719,0.5446198591372354,0.02050051388460583
42,0.6328132023815072,0.5403771229810279,0.014535650771375419
43,0.6302120881618546,0.5391845536479691,0.010764789510351536
44,0.6281398223543992,0.5372897097149738,0.01794359164288095
45,0.6262310911437534,0.5349146514924379,0.023989599876320766
46,0.6249490670539293,0.533319412812905,0.021115740817220396
47,0.6194948053034544,0.5272340395770291,0.0226809367218454
48,0.6158111854703192,0.5226572556263278,0.016726921948514883
49,0.6130423511387758,0.5199282817875394,0.02146353700756809
50,0.6085482135778681,0.515070066647926,0.02252644660880687
51,0.6080198914099999,0.5151317830814068,0.02152862269353739
52,0.6085528848548466,0.5157910807742442,0.01889748790332335
53,0.6039523558051305,0.5101003575249256,0.020010705036978937
54,0.6012671956464188,0.5067788909765822,0.025346322536065113
55,0.596078946787444,0.5003611750821971,0.0237221422571946
56,0.5865580302619668,0.48858407283141103,0.018889638250830787
57,0.5880808000023919,0.49121811134317,0.01627394325340842
58,0.5839110053449964,0.4868235732588236,0.021813421211132777
59,0.5772094040046348,0.47855826493905484,0.023793198701508145
60,0.5712536811720378,0.4712128734455092,0.020861285456375667
61,0.570398742297129,0.47015844883312136,0.018059561356806197
62,0.5756960781139788,0.47669182967391616,0.019715330919595986
63,0.5707413207003844,0.4713583763495636,0.019111389300120574
64,0.5700987414465228,0.4705670256874414,0.021896225538740932
65,0.565624463715423,0.4650568530141875,0.021427719393779854
66,0.5590960881287766,0.4570170130846726,0.02465501408282894
67,0.5543256720467338,0.4511421394368922,0.0202216599690076
68,0.5573345662087813,0.4548476596090508,0.018271254326870212
69,0.5504601039041229,0.446381606178558,0.017612417959605275
70,0.5520948066195039,0.4492035842887093,0.01539672362118194
71,0.549699140744537,0.44625759438574764,0.021453949181619636
72,0.5486789452437887,0.4450030431248112,0.01980132541139573
73,0.544230570502528,0.43953280321816274,0.018857236542451916
74,0.5440213808926376,0.4392755592990672,0.015424174623874742
75,0.5361721847988017,0.42962327319344723,0.027715113149997417
76,0.5333849573688991,0.4261957735777845,0.01423383708709669
77,0.5346048238756261,0.4276958635733448,0.023064408358228594
78,0.530962161691516,0.4232164217086232,0.01747859500500759
79,0.5293544784114196,0.4212394270201104,0.024572177873173784
80,0.5344851151843789,0.4275486558181301,0.016843604254682343
81,0.533968627652254,0.42691352256747517,0.02401887023584931
82,0.53341220733114,0.42622928330653254,0.018149792865459147
83,0.5267388090403758,0.4180228951835778,0.02025907819664058
84,0.5215937088949434,0.41169588053746997,0.01654285294677399
85,0.5245030223619864,0.4161296262873311,0.018283904175472265
86,0.5243774160972575,0.4159753923380627,0.019973865141118652
87,0.5260138959195012,0.41883575152703784,0.025807473591520913
88,0.5255779360730802,0.418301212066219,0.022705232733768732
89,0.52151396336698,0.4133182903661308,0.018670493465344273
90,0.5183056697608386,0.4093845346580372,0.01697779691419571
91,0.5157580906592603,0.4062608947849436,0.011387640833788515
92,0.5158008344885032,0.40631330388550896,0.016325596208267457
93,0.5120064843483197,0.4016609720372229,0.01925199583810966
94,0.5099510674135037,0.399140782462171,0.024319010938765928
95,0.5078954205194567,0.3966203109293254,0.020235024675110347
96,0.5034568839269459,0.3911781286355789,0.019629704038647833
97,0.502363005835999,0.3898369018924701,0.018263004520379378
98,0.5002313270451492,0.38722320606510685,0.022883806140701568
99,0.49224179968470433,0.3774270799253048,0.02279766600483568
100,0.49111684831211183,0.3760477535834737,0.019302528636311933
101,0.4876979419100561,0.3718557611333899,0.01952446824904497
102,0.48922221632650204,0.37372470578823813,0.01633647967761548
103,0.48597139842147297,0.3697388101502981,0.014226080281555753
104,0.48500651299420217,0.36855574400264474,0.016496218870387325
105,0.4838474492061707,0.3671345917167377,0.02121438885041016
106,0.4806534430563433,0.36414796239891517,0.020430868831341986
107,0.48195571126964853,0.365742369612875,0.023757362228508216
108,0.48043288016281643,0.3638779204329232,0.018805480073790293
109,0.48118452218853947,0.3647981789909225,0.021918636842465977
110,0.47998809517731617,0.3633333564312015,0.012635515964454058
111,0.47875506480197977,0.3618237192417368,0.01670056176733592
112,0.4763619391444174,0.3588937415510257,0.019863801413232962
113,0.47511848327443584,0.35737134010631255,0.022844970537943154
114,0.4744954117778129,0.35660849441995107,0.02397708864802167
115,0.4685097885594564,0.3492801109564926,0.02066323374994089
116,0.4634476022126452,0.3430823197893069,0.022986485482323404
117,0.46074089549954117,0.3397684151225621,0.01853002760789757
118,0.456343663648988,0.3353550329158685,0.015218080807305523
119,0.4541017929890273,0.33261424254636046,0.022890921501475592
120,0.45338989294626014,0.33174391188181707,0.02264538276645972
121,0.45136116353852196,0.3292636965320224,0.016516375441451348
122,0.44544336879380836,0.3230157767516802,0.019628463370396476
123,0.44378994321859244,0.3209973300038769,0.0249435020895038
124,0.4422842781264867,0.31915926432131225,0.01879857696097098
125,0.4404935853311484,0.3169732463334074,0.023750070077930174
126,0.4400537510645173,0.3164363113431914,0.02065731375597235
127,0.44046614270252843,0.3169397452884782,0.014740974291900022
128,0.43867499650834024,0.3147531738063889,0.014007168227478106
129,0.4380185708482956,0.31395183127332016,0.02641086706982776
130,0.44038456706749174,0.3168401604763844,0.02053710134099379
131,0.4434593016528077,0.3205936938177895,0.019573318048947408
132,0.4412913990150684,0.3179471906462453,0.021193072865020646
133,0.43740673324011126,0.313204920345522,0.014207553069379875
134,0.4332023430108809,0.30807234110401027,0.016336400846677923
135,0.4314822968874106,0.30597256621480345,0.01590236040587173
136,0.43049611668521093,0.30476867034448885,0.01681752292206068
137,0.42710508547459,0.3006290126414737,0.025052297952538938
138,0.4227508466468537,0.2953135032331221,0.024729002301436043
139,0.42327748375103885,0.29595640422979075,0.020982377437757826
140,0.41978405381432,0.29169174158020844,0.019729126010360032
141,0.41976360211967934,0.29166677483411607,0.022520312445393376
142,0.4197755796933377,0.29168139665621007,0.023503659048138448
143,0.4165888844317356,0.28779118545863774,0.019810183564429706
144,0.41670662954258736,0.28793492475941507,0.019860870061366942
145,0.414882557794545,0.28570815886029605,0.019204859784178074
146,0.4139638375602697,0.28458661586688244,0.018726660400686934
147,0.41309824448648785,0.28352992873751076,0.0178855346021648
148,0.4126237027677203,0.2829506240483274,0.01602533972079423
149,0.41210191840291194,0.2823136471138851,0.023270113551294325
150,0.41318869877543857,0.2836403523139231,0.016004340383798776
151,0.4101798672261148,0.2799672711988818,0.01662673814219623
152,0.4060481826372334,0.2749234485760771,0.02263985646004324
153,0.4053127259532748,0.27402562760719457,0.01762086832748877
154,0.40317463288049876,0.2714155149574648,0.01807211429443456
155,0.4003727894172504,0.2679951179882575,0.02684144332933558
156,0.40078915233289614,0.26850339993671124,0.022528771150991445
157,0.4018609630511019,0.2698118306824671,0.018548599553749823
158,0.40045425968813625,0.26809457417533156,0.020151269776088
159,0.3993185945114586,0.2667081920382415,0.020532891838558553
160,0.3985052992658199,0.2657153483516788,0.02232778597740137
161,0.3974374157713639,0.26441171182957185,0.016954956658344345
162,0.3952757478487621,0.26177281979014744,0.018086494249418328
163,0.3943710925128421,0.2606684467551149,0.018449104816587403
164,0.3920594350275188,0.25784645246445353,0.023307751349819994
165,0.39317440267599585,0.2592075677500263,0.01968537638532203
166,0.39324260203926314,0.2592908232560862,0.0205886900215681
167,0.39232620003118973,0.25817211027582215,0.026390017874864447
168,0.3926909732637162,0.25861741326128335,0.020203647275310432
169,0.3899742295390459,0.25530090321214877,0.019780728371417422
170,0.3891011661604682,0.25423509658405485,0.013434099027218926
171,0.3876367938217001,0.2524474397163512,0.021883635063214224
172,0.38879471357655804,0.2538609894995691,0.02152316895011208
173,0.38799596271232234,0.25288590110829917,0.023919949621671655
174,0.3857477842013243,0.25014139983044403,0.01614289197213037
175,0.38234511305544805,0.24598753248302505,0.028308089311962048
176,0.38254734017792885,0.24623440460342147,0.01812669839530545
177,0.3824424967652494,0.2461064152650986,0.02084297345886238
178,0.38451894485665206,0.2486412737793928,0.021100668650843313
179,0.38346310170390446,0.24735233570452597,0.02126221174305204
180,0.38427683441372745,0.24834571343277181,0.024333060517616634
181,0.3816051314508776,0.24508418764211437,0.016667962336282482
182,0.380672554857045,0.24394572926750166,0.019313806745199003
183,0.37733564487982946,0.23987214095956114,0.01926230622812647
184,0.3769592707714882,0.23941267601215224,0.019595730833512015
185,0.3758896442182471,0.23810691162208536,0.019917435622443858
186,0.3726261282510326,0.2341229202715203,0.020011529226664826
187,0.37128571372261987,0.23248658696076152,0.020126527087912627
188,0.3679281946850561,0.22838783979989685,0.02179171694216625
189,0.3671718453395382,0.22746451376724228,0.022428841752850093
190,0.3674821939856333,0.22784337703437543,0.022028657610950075
191,0.36663333157236294,0.2268071141368587,0.02453579728798877
192,0.3669829872996404,0.2272339621765712,0.02150949806080288
193,0.3676964128613802,0.22810488828686143,0.01938435800921473
194,0.36475966935868265,0.22451980985271505,0.021669092882300012
195,0.36440082017712777,0.2240817387509243,0.013622947839555755
196,0.3637696581177097,0.22331123717814605,0.018178104949314378
197,0.3624181369938852,0.22166134530646184,0.015843349912485816
198,0.35990634839499386,0.21859503763309068,0.019688966566395127
199,0.3596272548743988,0.21825432957980917,0.023228400914302227
200,0.357263280179273,0.21536846818585123,0.022050829964037233
201,0.35401311623903653,0.21140077654411404,0.020008995014884567
202,0.3520999059175606,0.2090651932501677,0.018802319274292267
203,0.3500472551970388,0.20655938577183336,0.025020455334944902
204,0.3470413878672988,0.20288992327711244,0.02247805751581522
205,0.343132546818147,0.19811814060866065,0.02178616814851886
206,0.3414993718440449,0.19612441511868944,0.024847279127777677
207,0.33999899877324097,0.19429280975908297,0.020756723475466365
208,0.3386208324231559,0.19261039028465038,0.022316217968591567
209,0.33762379388967984,0.19139323892597282,0.019100788981408767
210,0.3389078132311397,0.19296072687508412,0.016861529343865977
211,0.3383778317334449,0.1923137431544573,0.019423022476774687
212,0.33846773137867453,0.19242348964034206,0.01970050570246973
213,0.33791401064701065,0.19174752585535124,0.01834725561942946
214,0.3385995598696416,0.19258442146143967,0.024350905959035773
215,0.33646478628974974,0.18997836113780245,0.019053710940523994
216,0.3332673131384456,0.18607499265227012,0.01576829844091443
217,0.3333462007710176,0.18617129604069776,0.02157913869345035
218,0.33351548834258066,0.18637795665692947,0.01725509881755566
219,0.33024443189653085,0.18238476014152247,0.024429831699356586
220,0.330422837301257,0.1826025515041069,0.02591709264119374
221,0.33060638254248514,0.18282661740751932,0.0230306419335633
222,0.3300295561911498,0.18212244705334243,0.014096331740475643
223,0.32948970575763037,0.1814634156653076,0.02263356431468516
224,0.33103781296183404,0.1833532932615089,0.01941425683050868
225,0.3293955854175181,0.18134851669601149,0.02436331544340964
226,0.3285218266565345,0.1802818611682872,0.017906809653007394
227,0.3262107021781048,0.17746051755463707,0.020092665887333327
228,0.3258607596406357,0.1770333193866294,0.018931835588494206
229,0.3255595048580517,0.17666555760448935,0.021852725051264954
230,0.3247525238437467,0.17568042212075072,0.017342139162315917
231,0.32502110803734474,0.17600830073845783,0.023576422583548362
232,0.3240347255282234,0.1748041578985962,0.018294860013640557
233,0.3239017304400286,0.174641801934552,0.01861495354174536
234,0.32412081341170185,0.17490925111297284,0.021496080907198012
235,0.3241790839487942,0.17498038583947917,0.019474034068775736
236,0.3230712410739232,0.17362796823968835,0.01883896084434422
237,0.3208807621438798,0.17095390468413574,0.020378912500521373
238,0.3191389062881763,0.1688275052018716,0.030974107231616255
239,0.31896384735953753,0.16861379910557522,0.020103369189183373
240,0.3187969416128184,0.16841004614160565,0.02677582357668412
241,0.31733564848082246,0.1666261482667339,0.027672944760127438
242,0.316978152056695,0.16618972856605138,0.022884257260114227
243,0.3156910336042767,0.1646184573257368,0.02154311699992345
244,0.31583328184014364,0.16479210922357856,0.016364026522125097
245,0.3140203480863849,0.16257894021608765,0.01929173765760489
246,0.3133431963020166,0.16175229592231324,0.020043167517839244
247,0.3109564946606359,0.15883869023103592,0.01280135961810236
248,0.308775764119661,0.15617652718343233,0.019154926840883046
249,0.3080023926332877,0.15523242108945154,0.02412794888014108
250,0.30749288401437175,0.15461042997582067,0.017432984198115287
251,0.3048926967558556,0.15143620816968822,0.016408396227640232
252,0.3043741716752466,0.1508032100606087,0.021031994924905817
253,0.3030760557019776,0.14921851341396725,0.02291592918360491
254,0.30379659621247973,0.15009812521620194,0.02149984162590224
255,0.3032320066849917,0.14940889316808895,0.02621082495735616
256,0.30194619315143534,0.14783921492916613,0.020819647332182667
257,0.3009863137588167,0.14666742620921508,0.020979089155472364
258,0.2999079011103644,0.1453509360473963,0.01799128497873842
259,0.29943714363380536,0.14477625103476238,0.01630359302438089
260,0.2983755673859934,0.14348031418882368,0.02213446375695627
261,0.29835155384384165,0.14345099925818272,0.016874699595553433
262,0.29817354057321904,0.14323368659981003,0.019427834504082087
263,0.29805151492473375,0.1430847217615823,0.01498901648390405
264,0.2978101858615361,0.1427901152972518,0.016517428587231986
265,0.29603317032177034,0.14062079404637676,0.021487093671240853
266,0.29445041131530536,0.13868861468670549,0.022842028146657478
267,0.2942942607182918,0.1384979912504752,0.016110863894980787
268,0.294495707668662,0.13874391096281385,0.023812422471380268
269,0.29409092215174215,0.13824976231624644,0.01669844179777563
270,0.2933424657634117,0.1373360717422393,0.01706879559881641
271,0.2921802955560726,0.1359173331485153,0.019513841977571333
272,0.2904115744204592,0.13375813742934228,0.021062465929778285
273,0.2899008922733084,0.13313471371161736,0.019380724753097434
274,0.289609778660946,0.13277933193155309,0.021708379466904848
275,0.28886251262873497,0.13186709450456308,0.02558499046255075
276,0.2876099931110531,0.13033806048879681,0.016059400150368497
277,0.28640930979501983,0.12887230637761873,0.017317344394407685
278,0.28690300734073965,0.12947499586089212,0.01692198217556906
279,0.2869225600058367,0.12949886510173367,0.02203222137444416
280,0.28605329512308186,0.1284376955505511,0.023585657317251707
281,0.28705592132733415,0.12966166815117214,0.018002370642631327
282,0.28674423524842246,0.12928117219070373,0.01671892909353606
283,0.2857683362780375,0.128089827304967,0.021419514975687726
284,0.2855565145288267,0.12783124238453564,0.022233158962858546
285,0.285845712200877,0.12818428524861283,0.021787255114396997
286,0.285311890248181,0.12753261322873877,0.016268400477777667
287,0.2845021180337115,0.12654407034100576,0.023825040589873003
288,0.28377078406350925,0.12565128224347522,0.01638198993237483
289,0.2831070357808901,0.12484100049719866,0.0170733393643423
290,0.28295621672782373,0.12465688563183112,0.021770116149901264
291,0.2824374908602093,0.124023642408682,0.02331864332711986
292,0.2811946352309834,0.12250640574533857,0.024167547066550943
293,0.2803468621132152,0.12147147262341063,0.023213101501425748
294,0.27992297851394554,0.12095400967544576,0.020932221242948912
295,0.27830625326357544,0.11898036545908125,0.015722343006867256
296,0.2779471634204364,0.1185420005656578,0.022377088774622855
297,0.2776101091122838,0.11813053591776468,0.01293757109391519
298,0.2771094747108798,0.11751937815263515,0.02511544899052237
299,0.27707750620786453,0.11748035207132171,0.023034046454558088
300,0.27620054407974,0.11640978597991948,0.017837710922061767
301,0.2757396650416531,0.11584716023522719,0.014779764624355207
302,0.27574081919702803,0.1158485691895817,0.015513059138440699
303,0.2764528785574727,0.11671782748694882,0.026367212062701373
304,0.2753570684521133,0.11538009909049514,0.014083769023590209
305,0.27527609931540775,0.11528125467130534,0.020493522572390455
306,0.2763473031917399,0.11658894460475812,0.022979868214119514
307,0.2755599445724728,0.11562776348584969,0.017389501377519823
308,0.2751435567415212,0.11511945112161816,0.020571752165211177
309,0.2735745605998021,0.11320407300781321,0.019722427556933708
310,0.2732497217560884,0.11280752059113502,0.01615494342286794
311,0.27334531369850196,0.11292421604338965,0.024149967115956905
312,0.2721338227133536,0.111445268290534,0.026979630812661415
313,0.2728390231626774,0.11230615345817535,0.015902422093869883
314,0.2716744160897254,0.11088444002026371,0.021689732948157348
315,0.2714926458211527,0.11066254094421206,0.021178076090539733
316,0.2708528700350586,0.10988152402144656,0.02616245485919627
317,0.27148182016651307,0.11064932534641322,0.017238645076734893
318,0.27150785516608755,0.11068110800479355,0.020903230518339477
319,0.2703509012718319,0.10926873731194689,0.024599734735790024
320,0.2696810576966252,0.10845101463595747,0.018365018538421318
321,0.26860669027649636,0.1071394627538452,0.021283080478512295
322,0.2683926289647557,0.10687814385022877,0.011309009902318978
323,0.2670249125548912,0.10520848131398226,0.020669827913175565
324,0.26730269342153024,0.10554758692312756,0.018057714392446467
325,0.2667015203995853,0.1048136949662122,0.01981444670316157
326,0.26584774580038945,0.10377143543608629,0.02208397297564818
327,0.26638357091405396,0.10442555284801155,0.014770930782549985
328,0.2662039453356038,0.10420627193808363,0.025361367420898395
329,0.26612163219828333,0.10410578680780647,0.01762543461542082
330,0.26487946117035693,0.10258938588288515,0.017345663044147086
331,0.26385522768862496,0.10133903583918935,0.02061978279955118
332,0.26332806689136584,0.10069549553550118,0.021419183755947147
333,0.26229161849013977,0.09943023392586003,0.024571760388146013
334,0.26236206437325404,0.09951623190834379,0.014400600521318252
335,0.26098312350265257,0.09783286692512537,0.017874124391982715
336,0.26079748683771586,0.09760624788146657,0.02020053277743139
337,0.2615253983148092,0.09849485791365892,0.01735119423844045
338,0.2608495000888207,0.0976697439221155,0.01957356251643333
339,0.260835071356769,0.09765212980768109,0.018200943538421055
340,0.26035254981409583,0.09706308361585475,0.017260528910429618
341,0.2597992571504425,0.09638764240199782,0.02936967323828804
342,0.259044633646518,0.09546642321914213,0.0184689821445288
343,0.25836633592472236,0.09463838000320117,0.022371655978467964
344,0.25866054621819273,0.09499754210818527,0.020896996114605715
345,0.2586870872503188,0.09502994251422149,0.020002774273474133
346,0.2585626843206234,0.0948780755704428,0.02016615698743368
347,0.25817142180951697,0.09440043535795296,0.025925034930162072
348,0.2578385221509099,0.09399404256752945,0.020263321227456166
349,0.25728168970447907,0.09331428010503282,0.025946230877507304
350,0.2567717249631836,0.09269173217243103,0.01872285409641805
351,0.2563261698905866,0.09214781341325894,0.012044414435257889
352,0.25516064546009526,0.09072498009587159,0.0246811671931087
353,0.254329207755467,0.08970998870099559,0.017890902676416298
354,0.2534277232285267,0.08860948648373629,0.01753627894950205
355,0.25309884877166405,0.08820800752523852,0.023078149577740736
356,0.252755280212802,0.08778859049752799,0.014480205261914458
357,0.2522952976694295,0.08722705916365356,0.018762134014805254
358,0.25194516964812386,0.08679963456316589,0.026980669712722893
359,0.2515173236408933,0.08627733443983282,0.02043143873023623
360,0.25114942702586146,0.0858282185332704,0.017876654173281215
361,0.25115063591950554,0.08582969431027807,0.018534242463223494
362,0.25149615735637415,0.08625149534625962,0.0223600070845415
363,0.2513995653799576,0.08613357908586536,0.015943785586003845
364,0.251127301434147,0.08580120834949889,0.02023883322813752
365,0.2508935426606897,0.08551584344215783,0.020201784025557668
366,0.25018402956240493,0.08464969353663808,0.020759398975027377
367,0.24877089300839647,0.08292458360461766,0.020127338786642246
368,0.24919506870829874,0.08344240313929449,0.024349753146417408
369,0.2486235612007446,0.08274472585205093,0.019518572864996142
370,0.24901601287056999,0.08322381774981205,0.01695568069246567
371,0.24911474392158134,0.08334434532105243,0.019328067510126667
372,0.24822175281399753,0.08225421158662102,0.01708448994469519
373,0.2474850265150909,0.08135484071420501,0.022439244051850882
374,0.24732620599769964,0.08116095792828854,0.02267636966155967
375,0.2466272742162728,0.08030772534116716,0.020796365561274954
376,0.2467044350705825,0.08040192073633472,0.017300941336174824
377,0.24600016406593408,0.07954217020372856,0.02489167193462699
378,0.24516445973173398,0.07852197024989527,0.01964171783163038
379,0.2452837582310968,0.07866760587551636,0.021849836353657837
380,0.24589461325437054,0.07941331729645389,0.01906558637624045
381,0.24551017199925612,0.0789440042455804,0.024767050095661658
382,0.2453890765409781,0.07879617495249815,0.026068979554310423
383,0.2446432172282191,0.07788565480165334,0.01739901753685691
384,0.24462934150548793,0.07786871578253114,0.01699597819438531
385,0.24443955236352322,0.07763702753353686,0.020157485212254966
386,0.24446448120834402,0.07766745983512591,0.02176370358354346
387,0.24349695563626506,0.07648633691452209,0.019307973548732704
388,0.24307370961483674,0.07596965230030023,0.021489521939115075
389,0.24278738747886744,0.0756201197946827,0.02111756406007137
390,0.24230401890336298,0.07503003957343457,0.016583198610058247
391,0.24218482512488035,0.0748845317875831,0.017745523876058433
392,0.24126880399539744,0.07376628377118757,0.017848056942232793
393,0.24114402291639922,0.07361395519537303,0.018466515483879897
394,0.24088838650147423,0.07330188279364219,0.018312272490030868
395,0.2408599683458299,0.07326719085788945,0.017096881471744818
396,0.24050049279150484,0.07282835510113062,0.021113706048735137
397,0.23958957811509582,0.07171634087219259,0.020792116122146598
398,0.23937489498793818,0.07145426287707804,0.023769570586043398
399,0.23837741182412203,0.07023656872852124,0.018733482940688884
400,0.2383822149824558,0.07024243226388718,0.01775733552063674
401,0.2380779755821408,0.06987102696005615,0.02423906477848009
402,0.23795469420957638,0.0697205291757875,0.013463722037273751
403,0.2379005986699969,0.0696544911468811,0.01638353924145869
404,0.23813551295275806,0.06994126666140041,0.023529347644235976
405,0.2379347313488165,0.06969615918176496,0.01804559319818566
406,0.2386426393200864,0.07056034960181126,0.017107972154770223
407,0.23854619414999173,0.070442612557681,0.024272106674106564
408,0.23807647421304523,0.06986919413877629,0.021154099636304824
409,0.23748887070704233,0.06915186739394628,0.019287406793198347
410,0.2370617494293611,0.06863045199625217,0.01755701423329209
411,0.23625826406873732,0.06764958388983032,0.02117059557559925
412,0.23575657914705386,0.06703714368461328,0.02355890616074735
413,0.23593777589145373,0.06725834262149548,0.01359589284897833
414,0.23561203080008458,0.0668606838879214,0.0249827908306548
415,0.23582819874687258,0.06712457450127389,0.019206772128867233
416,0.235722518180707,0.06699556319391133,0.015812211723339575
417,0.2354596175047979,0.06667462282488076,0.02192304271468909
418,0.23519888404917388,0.06635632812601257,0.02721336749391884
419,0.2354283640833284,0.06663646969124523,0.01780487766082256
420,0.2353806187852019,0.06657818382512046,0.02032347084366387
421,0.2356997449310908,0.06696776237099406,0.015243570549584917
422,0.23552552486259126,0.06675508032716425,0.017754421270233522
423,0.23516268321534634,0.0663121353565304,0.017401866967278634
424,0.23537245866322246,0.06656822222060922,0.01721352111549651
425,0.23547727445738278,0.0666961778431698,0.020255317960696795
426,0.23503205496846208,0.06615266875335311,0.021698993986975557
427,0.23496547495435252,0.06607139009469243,0.020371899215345768
428,0.2350306168736557,0.06615091317521173,0.0211889972706385
429,0.23431619392409506,0.06527876948715423,0.016971761906483196
430,0.23414258354526785,0.06506683173212088,0.019538397165206334
431,0.23348443458395174,0.06426338545038048,0.0159035148778523
432,0.233080769690817,0.0637706048239175,0.01615593806178861
433,0.23258116317576016,0.06316070186812624,0.023228386005472446
434,0.2325606964155556,0.06313571673048417,0.020769599013652884
435,0.2323371607027287,0.06286283179430999,0.021439509214305597
436,0.23186412292349515,0.06228536306429859,0.02021243556640384
437,0.23168631336579762,0.06206829909186649,0.020604026749537763
438,0.23093060124207723,0.06114575095830266,0.024497033484664976
439,0.23102586402581912,0.061262044584653716,0.023114542842468944
440,0.23083547693597747,0.061029626380841626,0.02269711251017953
441,0.23029104946736886,0.060365007501160764,0.02363045344092013
442,0.2299141713204018,0.05990492724023996,0.019848085683365102
443,0.22999754323262436,0.06000670488757343,0.019026164981478633
444,0.2299915248516131,0.05999935784893938,0.026205134183547696
445,0.22956959609932964,0.059484281312914375,0.01980970439651003
446,0.2294339812084239,0.059318727181169956,0.023540451457698397
447,0.22940746099920994,0.0592863521950533,0.023710180604537057
448,0.22934400416476658,0.059208886209871046,0.01664496281651856
449,0.22863548871723854,0.05834395420309366,0.02295231772337869
450,0.22831841678972323,0.057956883378431516,0.020536363743943298
451,0.22813259867125338,0.057730042822350426,0.017760387704248815
452,0.22809053411695715,0.05767869181866268,0.023010375933947613
453,0.22806065963298885,0.057642222045903524,0.019196596387631992
454,0.22821010239797065,0.05782465678471593,0.023598888490915848
455,0.22834009201649053,0.05798334377171276,0.019218601640757227
456,0.22835415771802078,0.05800051471059426,0.016741600778445553
457,0.22810536874322382,0.05769680143520384,0.0198868193732315
458,0.22793124004365983,0.057484230931509686,0.016447026456408498
459,0.22764084951475563,0.057129731867605615,0.020254911013101118
460,0.22791021601449993,0.05745856549853994,0.01863080077713747
461,0.2275376073446791,0.057003697272785585,0.017963175314883728
462,0.22765771925876452,0.05715032588794004,0.021737391438069853
463,0.22741645453256734,0.05685579796406651,0.016744833093091493
464,0.22737700928258914,0.056807644519644436,0.0231476463277821
465,0.22730352161632758,0.05671793322982778,0.024670438810274864
466,0.2272312583741679,0.05662971667608166,0.02002422728362163
467,0.22694761366043625,0.05628345267814266,0.022235494533654476
468,0.22719205858609745,0.056581862883365176,0.02459967821529252
469,0.22727503421467304,0.05668315676085526,0.015241088448692042
470,0.22745917511019276,0.05690794981914388,0.023917286282416073
471,0.22713167617208788,0.056508150048019526,0.01688902314434937
472,0.22729027674778063,0.05670176433644876,0.02213925502667924
473,0.22658513856001225,0.05584095517564266,0.018520804501023502
474,0.22683293100208393,0.0561434519171502,0.019502678157413023
475,0.22630088346702124,0.05549394604707709,0.01758986611966451
476,0.22617748247361308,0.05534330223367455,0.020835854789268915
477,0.22647337188932587,0.05570451415504694,0.018782275905002532
478,0.2262279740493163,0.05540494066379175,0.017498773661430156
479,0.22582340349968189,0.05491105444211634,0.02441270589809552
480,0.2253860061867461,0.05437709440361343,0.018449311903999455
481,0.22486750558745705,0.053744126180519484,0.017647100739728083
482,0.22492587568795044,0.053815382450693235,0.01503852682484813
483,0.22488478756993385,0.05376522344782269,0.01947316612798161
484,0.22456200032052412,0.05337117554897753,0.022458945737259206
485,0.2238584231386568,0.052512272012058964,0.016063779929494648
486,0.22391549732799376,0.05258194627716271,0.018666439120527012
487,0.223660555576233,0.05227072189704265,0.015229506931810688
488,0.22298745620437926,0.05144902465318926,0.023275040088315713
489,0.22251000785190497,0.050866171642600266,0.014309953021180488
490,0.22226321031504753,0.05056488944816273,0.020557931011658703
491,0.22187009254392304,0.05008498439617665,0.02462292654268028
492,0.22187997623971586,0.050097050082061126,0.019837056986809376
493,0.22141995348928276,0.04953546966473831,0.02193054554698004
494,0.22135310220465476,0.0494538598480898,0.023623983765569845
495,0.22109301212960766,0.049136350566762514,0.02069503202471301
496,0.22104883417285479,0.04908241959190208,0.011845064625880586
497,0.22087248439960197,0.048867137675594426,0.022577120027952535
498,0.220983273353633,0.04900238513233301,0.017751536475964336
499,0.22037573526440732,0.04826072291375597,0.023432685240986018
500,0.22038206711233296,0.04826845262233108,0.021841035000028375
501,0.2205636206342629,0.048490087101316276,0.024413926559945787
502,0.22064450552027012,0.04858882867006373,0.028482180014086256
503,0.22044416408929213,0.04834425853889173,0.02285841600658106
504,0.22055385178401032,0.048478161615027444,0.021760835643645726
505,0.22039278002026325,0.048281530582719855,0.01835386716383619
506,0.22004911732318527,0.047861998634226036,0.02024527803641396
507,0.2198979636372731,0.0476774752602467,0.01804435762708395
508,0.21973834785003282,0.04748262163546216,0.02268947415746514
509,0.21965694040162687,0.04738324213997951,0.02347370617951494
510,0.22005233425521759,0.04786592575745752,0.01835046079428554
511,0.22019292798050943,0.048037557884018554,0.013107711578082104
512,0.21992497086487728,0.04771044478215498,0.022336836992796483
513,0.21979205638846036,0.04754818722628294,0.024333670238649685
514,0.21961958009283145,0.04733763392215772,0.020473264793754553
515,0.21958378907830603,0.0472939414463912,0.01961060629258693
516,0.21913987848469052,0.04675203021226365,0.014485457978325122
517,0.2187975761587653,0.04633415895946096,0.018815427869291468
518,0.2186851967466159,0.04619696992453991,0.02217486938338309
519,0.2186303912786403,0.04613006523874562,0.0167937588679275
520,0.2187301143303231,0.046251803811306225,0.01740104084323102
521,0.21881348080449015,0.046353574820040856,0.015203813516843356
522,0.21883529324933992,0.0463802027245744,0.023062994142871107
523,0.21883348811771666,0.04637799908013976,0.02162734224831192
524,0.21865805306543018,0.046163833824658884,0.014923340489341685
525,0.2184905385976331,0.04595933775431798,0.019915417698701365
526,0.21851579504421234,0.045990169981190585,0.02316047108483066
527,0.21866714776025534,0.04617493632450605,0.018846917403115837
528,0.21847649815473497,0.045942197650317596,0.022069113661479678
529,0.21831938757875133,0.04575040230380009,0.01872734414047711
530,0.21795777403474959,0.04530895656061735,0.026300672958421034
531,0.21789454078709078,0.04523176352271316,0.020507224735500817
532,0.21741122966449258,0.044641753438066346,0.022054658596671772
533,0.21695720240622188,0.04408749211744343,0.027171437377432106
534,0.21668207958100233,0.043751631356522706,0.024934536160340637
535,0.2167754627711851,0.043865630437794456,0.015782246318036874
536,0.2166129481489882,0.04366723801206412,0.01665487960030293
537,0.21642995095904127,0.04344384115135533,0.0176339317857655
538,0.2162655806921352,0.0432431834165033,0.0176896364520564
539,0.21638647469050074,0.04339076677404272,0.027068931613065395
540,0.21633351773565143,0.043326118691360375,0.02150733242506575
541,0.2161445983382938,0.04309549219755068,0.02070179592959359
542,0.21630283974285017,0.04328866802184217,0.018818825969546538
543,0.21647080781161546,0.043493717833101034,0.013881681141268365
544,0.21644668670375475,0.04346427158983062,0.016572528510491402
545,0.21600908799869628,0.042930065698551956,0.018776624397257857
546,0.2158255967648351,0.04270606572553026,0.019941213767907084
547,0.21546343030993936,0.04226394500718678,0.018244457432167904
548,0.21565905031384633,0.042502751377793274,0.020153808935170936
549,0.2156400040589674,0.04247950034563812,0.01704263723932653
550,0.21520668985716154,0.04195052483290347,0.02315290995814756
551,0.21492282065323093,0.041603986784822404,0.01922856275239715
552,0.21452170489909717,0.04111431806217019,0.02858663157600544
553,0.21411857678424115,0.04062219271671697,0.02136082914046511
554,0.21390075013415497,0.040356277213749805,0.02309199293314862
555,0.21388886433751142,0.040341767429970914,0.026265557228247083
556,0.2142689669814743,0.04080578404919831,0.02327950214226121
557,0.21395723371664216,0.04042523048572277,0.017458311549275296
558,0.21371182613453946,0.040125645101655026,0.02226946016923792
559,0.2135268302538523,0.039899808306009185,0.016979199772565012
560,0.21349658484835177,0.039862885724621454,0.022308453132992012
561,0.2133720653384001,0.03971087646356983,0.022810906207438753
562,0.21319829505274657,0.0394987434996184,0.023320395816086803
563,0.2130207668823029,0.0392820230353612,0.018576338441072426
564,0.21311173363319874,0.03939307220821166,0.018266451971363284
565,0.21260859934845605,0.03877886266895669,0.024782620804880973
566,0.21253270727715665,0.038686216161731644,0.022254225771511094
567,0.21252087020413282,0.03867176585812754,0.018508712161224017
568,0.21222300818965892,0.03830814585403985,0.022483054577705608
569,0.2124209100043964,0.038549737783141455,0.02311049585536007
570,0.21215163775680515,0.03822101921209466,0.02177797841340401
571,0.21210602409711682,0.03816533557901028,0.019431273856618525
572,0.21198425439517438,0.03801668319178013,0.021814494454060696
573,0.21185796316685856,0.03786251107608663,0.02720797418697496
574,0.2118504124349336,0.03785329339460675,0.022580982497000135
575,0.2117965696946201,0.03778756397460881,0.01703223151105787
576,0.21152639936793155,0.03745774905857021,0.01970155778022975
577,0.21134643005264298,0.0372380485261784,0.02065849581252055
578,0.21166454765646878,0.0376263958775697,0.01991160352889515
579,0.21157135869385874,0.03751263390284077,0.021572604919080696
580,0.2116042231673191,0.037552753754961164,0.014297873985438636
581,0.2113138907022239,0.0371983255734063,0.020377185135962372
582,0.21104454632658598,0.036869518950847974,0.021248598657894524
583,0.21082934749322052,0.03660681139880941,0.02041053621523281
584,0.2108612156928049,0.036645715033040496,0.016882425352532038
585,0.21044885755467851,0.03614232198329788,0.026232528425607415
586,0.21019778151909022,0.035835816740429786,0.02336842919851151
587,0.21028223137803087,0.035938910309132065,0.021770480662573644
588,0.21037428470060687,0.03605128593242231,0.017476592731029805
589,0.21024511920838013,0.035893605011302405,0.013956301368056534
590,0.21040513493224763,0.036088946865371556,0.021911093607170806
591,0.2103163017452489,0.03598050227609978,0.02330556147537516
592,0.21026088694564965,0.03591285373859793,0.02031517069061295
593,0.21012197456189483,0.03574327413766055,0.018107110010785188
594,0.2100782394485132,0.035689883771209734,0.024599522707557497
595,0.20986030573102005,0.035423837563923005,0.01359541307763773
596,0.209849093865571,0.03541015049285879,0.019923514457156066
597,0.2098336309805826,0.035391273919038686,0.017497240918736
598,0.20975996449950624,0.03530134433806789,0.01881340735207293
599,0.20963095044090246,0.03514384828205539,0.024529969938466345
600,0.20960488429528573,0.03511202760162425,0.017055840364219255
601,0.20977836022169052,0.03532380122162559,0.02077592528704081
602,0.209709086229199,0.03523923384408582,0.021495183859174483
603,0.20969264174102592,0.03521915896186992,0.014152412299548889
604,0.209658593800698,0.03517759437290017,0.018553152806492335
605,0.20957010989604194,0.03506957617585276,0.0242876499197196
606,0.20929068643416987,0.03472846534127978,0.01826363553998822
607,0.20928872599492448,0.0347260721024897,0.022415387088494443
608,0.20927515549084064,0.03470950568411496,0.017731048395224214
609,0.2092289345527969,0.03465308070588924,0.022671685008754217
610,0.2090620000396287,0.03444929262479807,0.018872800264418177
611,0.2090995158594649,0.03449509068530655,0.0198612629431672
612,0.20936843165895302,0.034823374116416374,0.021905932863724553
613,0.209307635634938,0.0347491563597768,0.019170485819018812
614,0.2091103144353627,0.034508273226284615,0.018337047689926722
615,0.2091374150362833,0.03454135673522251,0.0166060999017551
616,0.20926708901921046,0.03469965840481843,0.017736101312279096
617,0.20904336936494625,0.034426548919066664,0.023313402766112212
618,0.20874561484252022,0.03406306013769368,0.01852170807237502
619,0.20859271505153884,0.03387640517693449,0.019175300531720896
620,0.20811788416935867,0.03329674748670609,0.02736206076548109
621,0.2080538690248109,0.033218599935185625,0.017965249986744702
622,0.20794262170162894,0.033082792916694,0.01787143813828518
623,0.2079535815208805,0.03309617229817409,0.024096207254142354
624,0.20776033506279482,0.03286026347306887,0.021447957419685304
625,0.20794819231584905,0.03308959333657089,0.012761248923912394
626,0.20794610418152468,0.03308704421189874,0.019717984666439925
627,0.20772705889073226,0.03281964103303851,0.01549329103944741
628,0.20755073948558314,0.03260439618910029,0.02455487171534304
629,0.20754672541928368,0.03259949595095675,0.022691832319099547
630,0.2074589560098285,0.03249234998579341,0.018098334482365253
631,0.2071994997370147,0.03217561442908194,0.017371411458567965
632,0.20709669243007967,0.03205011070067207,0.01862466053155326
633,0.20694404336000485,0.03186376181162866,0.017472836606580278
634,0.2069442114540995,0.03186396701528772,0.025036699871580637
635,0.20694906802801738,0.031869895758607644,0.02009036415159199
636,0.2069792011317846,0.03190668124578618,0.020944060919951824
637,0.20681998863405732,0.0317123199433695,0.028258873107546656
638,0.20684672743634738,0.03174496178061377,0.021655688932678607
639,0.2066227818287383,0.0314715764585646,0.016682331143431928
640,0.20650584084579812,0.03132881881029961,0.020388440980660505
641,0.20635397182510706,0.031143422179506254,0.02499586314222807
642,0.2064758134934261,0.03129216242089404,0.01762184689641816
643,0.20646242955375235,0.031275823754120524,0.02022930011691254
644,0.20638541418456943,0.031181805962336342,0.020752275968750455
645,0.20636325104756428,0.031154749944528194,0.019318477137526102
646,0.2062007033757212,0.030956317172886366,0.021129929895887023
647,0.20592279041779152,0.030617050311091885,0.019963958727098385
648,0.20580558645865826,0.030473971630266133,0.01749761398530586
649,0.2057099277793808,0.030357194707874402,0.01566297300162106
650,0.2057695522141553,0.03042998222747161,0.01971550897411467
651,0.2059525206656038,0.030653344005175123,0.02532780259389672
652,0.2059736233799094,0.030679105494352363,0.01729454870004743
653,0.2057996561519136,0.030466732109757744,0.02199008308833339
654,0.20574413714342082,0.03039895635751608,0.018088782858981245
655,0.20558470592937747,0.03020432805352828,0.016733980232631784
656,0.2055713739173231,0.03018805277825697,0.014707124304830954
657,0.20552934980741475,0.030136751147726598,0.020405435546051343
658,0.20537640858026715,0.029950045603084792,0.022916484387558278
659,0.20540872448144315,0.02998949577647646,0.021651214415704834
660,0.20554798389138615,0.030159499015391625,0.02235933178760352
661,0.20549356592524917,0.030093067378910366,0.022465704663588715
662,0.20538370197167619,0.02995894913184678,0.022539719229321575
663,0.20532370880094739,0.029885711471708584,0.020103675899791007
664,0.2052562827260483,0.02980339997027355,0.020985327871913206
665,0.20509649350828202,0.029608334627287895,0.01784185186806242
666,0.2050764737911455,0.02958389522489778,0.022748289957516543
667,0.20503197594908845,0.02952957374473684,0.021134508732070567
668,0.2049510613233315,0.029430795870692823,0.02299402178065363
669,0.20502708409539355,0.029523601933045793,0.019890084056344293
670,0.20485374705964143,0.02931199786610795,0.019132796612134406
671,0.2047365713579805,0.02916895368106406,0.023486040937577946
672,0.20467497528719275,0.029093759254039567,0.01649399756862152
673,0.20453660080009864,0.028924836299391063,0.024466134700169617
674,0.20429366004756777,0.028628262338516144,0.019662467336326206
675,0.2040819461152069,0.02836980903729153,0.026728857024085118
676,0.20403714711260826,0.028315119910395533,0.02242912481914705
677,0.2040930718607663,0.02838339097607627,0.018487797742454126
678,0.20389624603921888,0.028143112583535395,0.0173184006759573
679,0.20384776342943817,0.028083926631954127,0.014972882371147689
680,0.20374186536807296,0.027954649813720405,0.021825389392025274
681,0.20376876148252643,0.027987483692402147,0.011990447654629754
682,0.20381300220706905,0.028041491292081683,0.015024048095208742
683,0.2038109789159435,0.02803902132582356,0.014294123438765405
684,0.20370516082270526,0.02790984212999937,0.01865540411325617
685,0.20368817039485781,0.027889100782851804,0.018502895143738596
686,0.20373404377475676,0.027945101473699652,0.018342744246027165
687,0.20359516455120108,0.0277755623536273,0.019818446061737216
688,0.20361929267163317,0.027805017157603244,0.020666145333255226
689,0.20358794022250667,0.027766743134315135,0.02199740798721589
690,0.2035908569368591,0.027770303761836757,0.020306410745965287
691,0.20357808336078845,0.027754710206574728,0.016823891674176306
692,0.20349425452438266,0.02765237476145079,0.021813531578007916
693,0.20338815229798035,0.027522848705344393,0.017151247270500936
694,0.20349787551525617,0.027656795146230408,0.02222856456462008
695,0.2035671339352141,0.02774134351334009,0.013257288685514568
696,0.20346028979901362,0.027610911758522854,0.018057253114864114
697,0.20337798203705792,0.027510433190310924,0.02106556350627853
698,0.20334700802082525,0.02747262114526403,0.022363623811416433
699,0.2032822264885743,0.027393538013225877,0.02271894150263809
700,0.20322832717019243,0.02732773952460376,0.013354862417856106
701,0.2031290324853751,0.02720652388801397,0.021467337162192623
702,0.20303341115172927,0.027089792555917747,0.02368018276622219
703,0.20296386537919048,0.027004893398374127,0.020310544548935883
704,0.2027736481993305,0.026772682615000272,0.017381414361769598
705,0.20270980831957117,0.026694749020880704,0.024311929320412207
706,0.20249566146478037,0.026433325689169472,0.02544506456342288
707,0.20257019982942223,0.026524319636502376,0.028192227126276947
708,0.20245197178017163,0.026379990780646286,0.023545656970490048
709,0.20246305556621022,0.02639352149664711,0.019808351227691146
710,0.2023859355595965,0.02629937596697952,0.012146832662153717
711,0.20235662458311487,0.026263594105343416,0.02098704266922896
712,0.20220053527730109,0.026073045491361264,0.015072195016645418
713,0.20218621831214542,0.02605556781822602,0.011647390914586608
714,0.20196416171961412,0.025784488542717234,0.023798574640934878
715,0.20186335164620486,0.025661422970330985,0.022803841958085047
716,0.20165807852392234,0.02541083239504332,0.028343462881841697
717,0.2015174105659961,0.025239109647766284,0.019763720954291353
718,0.2013965991822752,0.025091627143423813,0.025442337361269385
719,0.20135335784985928,0.025038839568288306,0.019732166868288326
720,0.20138112868745905,0.025072741279788868,0.024409978425767365
721,0.20132073013001545,0.024999008737079602,0.019832576196677443
722,0.20126514715565477,0.02493115489744135,0.019768926017621147
723,0.2013217797983091,0.02500029013709344,0.02244501514363234
724,0.20124435759593376,0.02490577569692627,0.0159923117478864
725,0.20108544563065908,0.024711781274498718,0.021359537610448787
726,0.20115312246591419,0.024794398895798188,0.019771130896628297
727,0.20105903251357068,0.02467953702287023,0.021771674643340233
728,0.20099327938991932,0.024599267804478124,0.016129224138372422
729,0.20089569598927415,0.024480141246486505,0.01910830345095793
730,0.20073768093827152,0.02428724174705622,0.026632189363783476
731,0.20061645637072428,0.024139254841701773,0.019642799584969506
732,0.20055359302877243,0.024062513372340503,0.021054959673471096
733,0.2004504851910702,0.023936642766003845,0.01672213862857974
734,0.20041829552989612,0.023897346702190903,0.025608814811227176
735,0.20035124508670846,0.023815493759416214,0.02151720520524336
736,0.20040979129393804,0.023886965014818066,0.02069748205850186
737,0.20048264571861027,0.02397590326444204,0.018653428972409514
738,0.2003872320038912,0.023859425386605435,0.01631799010571744
739,0.20030988816416517,0.023765006608948987,0.025684396372124774
740,0.20030138243429826,0.02375462309785845,0.01443940659163545
741,0.20023068815283096,0.023668321878953708,0.025882418914287553
742,0.20012291493205614,0.023536755928699044,0.019433212147660917
743,0.20010579384553112,0.02351585507780401,0.017137179150477244
744,0.19990891079628792,0.023275506823607708,0.013592365533681927
745,0.19995228837938528,0.0233284607290349,0.015272901522889182
746,0.19986088777425715,0.02321688192141061,0.01692185146844266
747,0.1998305861464593,0.02317989070571955,0.01695650811941185
748,0.19977525446549632,0.02311234363667652,0.021333390266064622
749,0.19986225551672962,0.02321855161576526,0.022130056370310125
750,0.19984413167514273,0.023196426634967852,0.020468167549154315
751,0.19989457814674905,0.023258010003505684,0.017086020234390153
752,0.19983936039128314,0.023190602010897912,0.02299449157906741
753,0.19979661631748058,0.02313842147248251,0.021928031366555245
754,0.19965105510058295,0.022960725197990476,0.022908249231425037
755,0.19968300248155715,0.022999725494223033,0.020546297227017785
756,0.1996913775535222,0.02300994950250833,0.014655394056123594
757,0.19968347989303942,0.0230003083022262,0.021491199744522294
758,0.19955398319985412,0.022842223062025022,0.018931820295660262
759,0.1994140640501609,0.022671414434840175,0.027058293477904394
760,0.19939338107670712,0.02264616535128197,0.021872255371601146
761,0.19944815712074856,0.022713034117323606,0.016215680903446605
762,0.1993976368408003,0.022651360646025014,0.019403883139716138
763,0.19925818443947893,0.022481121809668464,0.01860014781388125
764,0.19921004452383306,0.022422354207645247,0.019886683207413325
765,0.19908147571565998,0.022265401698496137,0.02022146098140709
766,0.1991797280796378,0.022385344904589693,0.020932261139091746
767,0.19926643583513046,0.022491194838036955,0.021974195547163233
768,0.19919378885391392,0.022402509828454334,0.022275790309036925
769,0.19912544230981694,0.02231907464895578,0.0188697417069168
770,0.19916480617210428,0.022367128738000452,0.016925342831275614
771,0.1991458402154766,0.02234397573126594,0.017936306642382827
772,0.19906770825392597,0.022248594840794698,0.019933293014326225
773,0.19894732939399107,0.02210164034706006,0.026016445762536755
774,0.1990094901646108,0.022177524140788066,0.01276279633600158
775,0.19888616400127043,0.022026971677439916,0.017831666962339288
776,0.19880948704469803,0.021933367008470615,0.0207310750284041
777,0.1987612576508382,0.021874490174437686,0.023650620268945377
778,0.19868277080786678,0.021778676056575144,0.021436019799027206
779,0.19857780802115776,0.021650540990410992,0.019079529853230304
780,0.19848350001690826,0.021535412926993867,0.015183851869205789
781,0.19853472017876006,0.021597940790759794,0.019748604259169855
782,0.19850273483483744,0.02155889415063376,0.017156191460950043
783,0.19854794214247343,0.02161408172268829,0.018330551894172764
784,0.19843673789784522,0.02147832729305106,0.01959939386181947
785,0.19838520666623252,0.021415419685704484,0.0189268168526322
786,0.1983901709823739,0.021421479957130462,0.015558681473807179
787,0.19840628640865304,0.02144115313157626,0.02563909070077236
788,0.19834771259558362,0.021369648175878237,0.02289455945213259
789,0.19817878972343544,0.021163432772519166,0.018709267336305346
790,0.19811010166803358,0.021079580687422494,0.018124432471852803
791,0.19817614776136733,0.02116020755341974,0.017248828679138795
792,0.19813039391056447,0.021104352779708898,0.02151249107377806
793,0.198070195999563,0.021030865179477522,0.015207517610051569
794,0.1979645048365934,0.020901840935890415,0.013923754149511913
795,0.19791666011121306,0.02084343369228997,0.019939162441372615
796,0.19794637821777675,0.02087971256473967,0.018764034684026043
797,0.19793528925505605,0.02086617552921913,0.017280204738562233
798,0.19790539551744202,0.020829682252252787,0.022714727829153347
799,0.19787198778046788,0.020788899202159174,0.020685131244398636
800,0.19783327831561134,0.02074164397966266,0.018274970217137088
801,0.19786985746043517,0.020786298578579977,0.01870171900576112
802,0.19788699612037097,0.020807220882506125,0.023814871520899672
803,0.19785511782209655,0.02076830492013505,0.019458539432400723
804,0.19779680163502358,0.020697114465652366,0.022856283687750778
805,0.19778314521295237,0.020680443161472748,0.01944135387139584
806,0.19783660684560325,0.02074570733796373,0.01791948376223579
807,0.19778970685002567,0.020688453388966004,0.017425273812248232
808,0.19776643904068086,0.020660048824045596,0.016570754494381
809,0.19775058928908373,0.020640699976389645,0.0166143566016001
810,0.19775543469536955,0.020646615086631407,0.02402037175974775
811,0.1976849591724932,0.02056058092090618,0.0241812576535404
812,0.19767962424556088,0.0205540682202008,0.017568079417468185
813,0.1976863335491895,0.0205622587141,0.01817998806639698
814,0.1975844600466734,0.020437894942950306,0.01693288966557971
815,0.19751132335994617,0.02034861211723742,0.025355154392392887
816,0.19752334000396501,0.020363281635114847,0.01785921129261092
817,0.19751157168154146,0.020348915259952888,0.018839741670765964
818,0.19743387179966485,0.020254061837926423,0.0157997705596416
819,0.19742275282560573,0.020240488165562332,0.020918763364634663
820,0.19731048702425383,0.020103437822914013,0.018059772270749452
821,0.1973614195459311,0.020165614545155582,0.015895663664775905
822,0.19728500368210536,0.020072328609497852,0.016726966220101724
823,0.19723455494947392,0.02001074248077558,0.022226802019339353
824,0.19718897665511745,0.019955102020512892,0.02232275471944767
825,0.19711235075284053,0.019861559676931567,0.015980562223905537
826,0.19707720692255673,0.019818657262081978,0.01691840607795342
827,0.1970334089033032,0.019765190102235475,0.021578139344131442
828,0.1970017025741179,0.019726484073981723,0.021643991763204695
829,0.19699129692702805,0.019713781207379634,0.026051710264994588
830,0.1969727589755909,0.01969115069509334,0.020075657748414744
831,0.1968778282502948,0.019575262434611117,0.021000248390158294
832,0.19678175960665464,0.01945798504141111,0.02153899736976267
833,0.19675625977511652,0.019426855698300917,0.021897819457226575
834,0.19676725598262385,0.01944027950135196,0.024961536796555106
835,0.19671766381341751,0.0193797390366605,0.019247164611433387
836,0.19668447019485466,0.0193392173751797,0.015864378303170223
837,0.19662943903025917,0.019272037166486355,0.01755038140735221
838,0.19661304563396714,0.019252024655534262,0.02531370123254989
839,0.19655602234451824,0.019182412527320548,0.020842734168903365
840,0.19649651588286246,0.01910976902536705,0.017870538646118372
841,0.19653533937743514,0.01915716345154185,0.020063044853733614
842,0.19649717616051315,0.019110575070279287,0.021102867680734494
843,0.1964784970536431,0.01908777224015541,0.02286112678974922
844,0.19641477282225023,0.01900997982570713,0.023410079312436938
845,0.19642124997768587,0.019017886920845852,0.015323542799511147
846,0.19640319035383727,0.01899584033491352,0.018776689515147105
847,0.196368513098363,0.01895350749901805,0.02069749925675518
848,0.19631487076926876,0.018888022734343483,0.018879803683181706
849,0.19625682579896542,0.018817163372244226,0.020971884008498975
850,0.19620379547902284,0.018752425727907873,0.016894446438954547
851,0.19617479402546512,0.01871702172152618,0.02184958951821142
852,0.19618028940142668,0.018723730293055466,0.024082308726597224
853,0.19609848801413637,0.018623869890131334,0.018530248692127604
854,0.19609290024752699,0.018617048531189267,0.014572581151296948
855,0.19605942809919097,0.018576186849863893,0.01855321235453028
856,0.1959909132788267,0.018492546244310744,0.017108144421117355
857,0.19597877303368005,0.018477725838298157,0.023622848863561974
858,0.19594063660517694,0.018431170159451515,0.020830287070968234
859,0.19587812980661937,0.018354863946360003,0.023658159955504354
860,0.1958612924674673,0.018334309484784986,0.02044046836699498
861,0.19576380162355694,0.018215295916969618,0.024057571583368687
862,0.19575188854723297,0.018200752831071736,0.02338168392180212
863,0.19576163227952176,0.018212647654188768,0.019830042053333774
864,0.1957203226882054,0.018162218284099776,0.017678018908581505
865,0.19566433506081413,0.018093870457546436,0.02069563752727771
866,0.19559555959595423,0.01800991166589848,0.019227621793785954
867,0.19551163587941733,0.017907460394279782,0.015566854826221166
868,0.19555764447980042,0.017963626157781132,0.02139822055953422
869,0.19550462259298879,0.0178988988083238,0.015850957327369408
870,0.195496021053444,0.01788839833598291,0.0199364945516059
871,0.1954592525187078,0.017843512536182934,0.01864404994594443
872,0.195452279815956,0.01783500049342275,0.0206660261307004
873,0.1954352840225076,0.01781425259613118,0.02235544724740851
874,0.19538622419518784,0.01775436199664508,0.015153885277104595
875,0.1953970906285582,0.017767627375767293,0.018088010156327106
876,0.19537549623805592,0.017741265664697414,0.018915933364631377
877,0.1953578392277792,0.01771971057597907,0.02411190049467088
878,0.19539161148796674,0.0177609386238322,0.024005065302286743
879,0.19533804183819134,0.017695542583641775,0.027229441016875355
880,0.1953524109273791,0.01771308388805976,0.02209171450632752
881,0.19531771159061864,0.01767072409606486,0.02276716405654977
882,0.19532982863393175,0.017685516178050947,0.020980550951709365
883,0.1953394017664185,0.017697202738628577,0.021272150082590813
884,0.19528532886238023,0.01763119234243118,0.017871359022277766
885,0.1952638298383412,0.017604947051561275,0.02309369572581116
886,0.19527050868589696,0.017613100365700945,0.015701502485770402
887,0.19525197784924075,0.017590478538908647,0.02165527199420425
888,0.1952496949734149,0.017587691680308205,0.01789317690945319
889,0.1952488066003788,0.017586607184158748,0.02091615168821631
890,0.19523063333011087,0.017564421862471608,0.017996446798951737
891,0.19518747050478183,0.017511730126168995,0.009658291755387849
892,0.19513197714304065,0.01744398568262201,0.020528646010680107
893,0.1951275653042114,0.01743859985706108,0.018655193346045373
894,0.19512634518473979,0.0174371103759368,0.014122882726568475
895,0.19513708377969263,0.017450219694176868,0.01948082531029538
896,0.1950802356926941,0.01738082144726695,0.018461444320923615
897,0.19506525352695872,0.01736253171947169,0.01925232872285021
898,0.19503030395545087,0.01731986644925353,0.016184894142912742
899,0.1950390610009869,0.017330556758117985,0.016183925191421866
900,0.19505843052049215,0.017354202420939255,0.029034120223122184
901,0.19502861259482485,0.01731780169266601,0.013559065806514337
902,0.1950106233368733,0.01729584100706969,0.016568572265350634
903,0.19497382404547592,0.01725091766056145,0.02067318665032336
904,0.1949852073159104,0.017264813977111413,0.017443397557984575
905,0.19497217190223118,0.017248900779242748,0.01743212083982476
906,0.1949510202737447,0.01722307957726521,0.01571862097056337
907,0.19492589088866188,0.017192402462821804,0.017453488391118377
908,0.1949058806210164,0.01716797459606082,0.02077334686304355
909,0.19487897249095765,0.017135126049124167,0.016761337736181436
910,0.1948666001889736,0.017120022355870124,0.014980794148380272
911,0.19484145208428605,0.017089322389164288,0.020375764976909794
912,0.19485045828949135,0.017100316863836236,0.020390485602073904
913,0.19482795717066578,0.017072848249100415,0.010476760533230156
914,0.19481687651047583,0.017059321349028725,0.016421668633874897
915,0.19482976179269507,0.017075051271433696,0.024753293475940852
916,0.19483768713411598,0.01708472626367662,0.010477859671383705
917,0.1948182634273206,0.01706101445081611,0.021334106390098084
918,0.19481936073256906,0.017062354004437254,0.02102884602118238
919,0.1947841599263591,0.017019382035282256,0.01807473651318242
920,0.19474645777151928,0.016973356503223964,0.020422251800266022
921,0.19472965312095583,0.016952841946786555,0.019284345269759584
922,0.1947085894275729,0.0169271280930494,0.019231923828525066
923,0.194700612914957,0.016917390632715343,0.020811290069428834
924,0.19470917060908344,0.01692783758003749,0.0158605194686966
925,0.1947057305519937,0.016923638073176785,0.022428052325604686
926,0.1946499638273124,0.01685555991728545,0.01714125379378323
927,0.19463219719369904,0.016833871004051273,0.01952900005639202
928,0.19464348911710175,0.016847655807198512,0.01877175504805778
929,0.19459969348869505,0.01679419156601173,0.013525225927909001
930,0.19458961935593683,0.016781893401034035,0.020969878016799393
931,0.19457181105041652,0.01676015361613309,0.021265961097491848
932,0.19453356121368298,0.016713459492299496,0.02479568819485417
933,0.1945244138416127,0.016702292685831385,0.017434959546548445
934,0.19449192158223422,0.016662627220236252,0.021846304557759044
935,0.19446378465568287,0.016628278599561765,0.015953500154860467
936,0.1944479988188411,0.016609007776907433,0.01807927235341622
937,0.19441736774096924,0.016571614379565107,0.014959966346302589
938,0.19441769447978513,0.016572013251399596,0.021493419809730796
939,0.1944380492687616,0.01659686169830313,0.029610678761717524
940,0.19443412118709946,0.016592066427336207,0.018486268051432386
941,0.19441431863614764,0.016567892134183304,0.018525390683004517
942,0.19437601137248076,0.01652112790546545,0.01693157467859846
943,0.1943365162633662,0.016472913594679898,0.020622534199661813
944,0.1943413037107291,0.016478757950602028,0.022229139700568834
945,0.19432596603193517,0.016460034224331625,0.01980885564848034
946,0.1943146568760572,0.016446228384357737,0.018269512532185006
947,0.19432597983620048,0.016460051076116734,0.018989515461458495
948,0.19432217579162483,0.016455407225487995,0.018482800750457606
949,0.19430646427515583,0.016436227130659335,0.027583784152790447
950,0.19430897442902703,0.016439291442713912,0.020989171859426503
951,0.19428743568397208,0.016412997661752086,0.019311544276027215
952,0.1943050826487016,0.016434540487209083,0.02402789132051847
953,0.1943032410673568,0.016432292346176932,0.021037468949570814
954,0.1942835732952513,0.016408282586537943,0.017654384848206695
955,0.19429076272831197,0.016417059206424136,0.024930631574029416
956,0.19430650537536875,0.016436277304429432,0.02279232062871217
957,0.19431379214425779,0.016445172748641407,0.0210022734519571
958,0.19429292585106223,0.01641969987446399,0.027557310276476343
959,0.1943042574193308,0.016433533074742865,0.024844133527356815
960,0.19431313882773088,0.016444375201637395,0.017494176904452263
961,0.19429978907405177,0.01642807826798267,0.014677720222917578
962,0.19431582007497675,0.016447648378769532,0.017329024337230214
963,0.19429921488877375,0.016427377321762145,0.01664210380447878
964,0.1942795357101825,0.0164033536374659,0.020644747452531365
965,0.19427428281197834,0.016396941074691813,0.01453410047354492
966,0.19421313279238717,0.016322291172072716,0.016342869551953965
967,0.1941762862650718,0.01627731016153253,0.026860652688831366
968,0.19416977915562925,0.016269366499547057,0.017445983995447834
969,0.1941605330746559,0.016258079192545186,0.015221914015928428
970,0.19416350698199297,0.016261709639347453,0.01953625535045933
971,0.19413536487923957,0.016227354699743807,0.022136168947570922
972,0.19412189458677942,0.01621091061637073,0.017161363253112516
973,0.1940858432535913,0.01616690035227588,0.026577753115515246
974,0.19406239859399066,0.01613827989445639,0.022905989927360426
975,0.19406494544299802,0.01614138900271027,0.024107329465601124
976,0.1940360968860982,0.016106171647465004,0.020537744808534264
977,0.19405562945491395,0.016130016355439737,0.020284337565698307
978,0.19404115616329848,0.01611234784418072,0.025758015948360524
979,0.19402402383269576,0.016091433266893638,0.025143350697585554
980,0.1940279784308896,0.016096260908355493,0.026775484274720984
981,0.19401317760727085,0.016078192556961513,0.02284277636784321
982,0.19397954839496037,0.016037139137176096,0.018926451237776976
983,0.1939246483315306,0.015970118972407188,0.023728021385263476
984,0.19391293395111858,0.015955818447845427,0.022532349429179532
985,0.1939148809221392,0.015958195245076134,0.019295823370222898
986,0.19390210532590563,0.015942599223667,0.01631320045936041
987,0.19389202161005045,0.015930289359968576,0.017215615032096065
988,0.19389120935340962,0.015929297784172937,0.02985754160288967
989,0.19390598392700278,0.015947334090412758,0.019209241989855685
990,0.19388576784855063,0.015922654976690362,0.020528851528580028
991,0.19387306394861084,0.015907146479719955,0.024229744608581127
992,0.1938546413359601,0.01588465676918016,0.02152025432538851
993,0.19381778665693059,0.015839665807292676,0.013372426088789358
994,0.19381709035298156,0.015838815782680225,0.021344106380280115
995,0.1937988311774956,0.0158165255907699,0.01952291861768768
996,0.19380279985628968,0.015821370421363945,0.022108620211942154
997,0.19380667154324635,0.01582609684755412,0.023836396200462184
998,0.19378481106208442,0.015799410301895647,0.01838083271127111
999,0.19379073644105935,0.01580664380674254,0.015045462670630172
1000,0.19379462056101193,0.01581138541072156,0.020596673667917842
